,Urls,Thumbs,Title,Views,Time
0,https://youtube.com/watch?v=Nwh6CQ50h0g,https://i.ytimg.com/vi/Nwh6CQ50h0g/hqdefault.jpg?sqp=-oaymwEcCNACELwBSFXyq4qpAw4IARUAAIhCGAFwAcABBg==&rs=AOn4CLBxQWNwe195r28h3spjLhkWscDBCQ,BB Ki Vines Productions | Haseen Raat | Taaza Khabar | Official Video |,"12,474,883",3 months ago
1,https://youtube.com/watch?v=HbTON0nb4DU,https://i.ytimg.com/vi/HbTON0nb4DU/hqdefault.jpg?sqp=-oaymwEcCNACELwBSFXyq4qpAw4IARUAAIhCGAFwAcABBg==&rs=AOn4CLCMCs1WrS1syK3x5DFoNjAEBhyHOQ,BB Ki Vines | Angry Masterji Part 16,"22,632,855",3 months ago
2,https://youtube.com/watch?v=zm6xa3ggt5A,https://i.ytimg.com/vi/zm6xa3ggt5A/hqdefault.jpg?sqp=-oaymwEcCNACELwBSFXyq4qpAw4IARUAAIhCGAFwAcABBg==&rs=AOn4CLDvLOI-3VJWrFjN63Ecd2Z6l7shgA,BB Ki Vines Productions- Taaza Khabar | Hotstar Specials | Official Trailer,"20,356,265",4 months ago
3,https://youtube.com/watch?v=xNTW2KfErTM,https://i.ytimg.com/vi/xNTW2KfErTM/hqdefault.jpg?sqp=-oaymwEcCNACELwBSFXyq4qpAw4IARUAAIhCGAFwAcABBg==&rs=AOn4CLDwE-tFKTKbmUjLGXhR4YLonTSbWQ,BB Ki Vines (Vlog #8)- | BB in Dubai |,"9,401,860",7 months ago
4,https://youtube.com/watch?v=cVPI4ppiDSA,https://i.ytimg.com/vi/cVPI4ppiDSA/hqdefault.jpg?sqp=-oaymwEcCNACELwBSFXyq4qpAw4IARUAAIhCGAFwAcABBg==&rs=AOn4CLAaQ2YCnObnguQCewTpn0-RbytetQ,BB Ki Vines Productions - Taaza Khabar | Now Filming,"10,016,639",10 months ago
5,https://youtube.com/watch?v=xna_PkWzPVE,https://i.ytimg.com/vi/xna_PkWzPVE/hqdefault.jpg?sqp=-oaymwEcCNACELwBSFXyq4qpAw4IARUAAIhCGAFwAcABBg==&rs=AOn4CLCsiRvC1v1nW36DWtlGjhZjf5Ce4g,BB Ki Vines- | Automatic Gaadi |,"23,831,935",1 year ago
6,https://youtube.com/watch?v=PgKxqbXO198,https://i.ytimg.com/vi/PgKxqbXO198/hqdefault.jpg?sqp=-oaymwEcCNACELwBSFXyq4qpAw4IARUAAIhCGAFwAcABBg==&rs=AOn4CLA12Zn86Kqh-TgZg27N8k0RsAyu2g,"BB Ki Vines- | Titu Talks- Episode 4 ft. SS Rajamouli, Ram Charan, NTR Jr. |","21,715,931",1 year ago
7,https://youtube.com/watch?v=WEExPj6CMss,https://i.ytimg.com/vi/WEExPj6CMss/hqdefault.jpg?sqp=-oaymwEcCNACELwBSFXyq4qpAw4IARUAAIhCGAFwAcABBg==&rs=AOn4CLDL89i5zPDj-zVMskkhLsvqgGrccg,Dhindora | Saazish | Offical Lyrical Video | BB Ki Vines,"13,115,716",1 year ago
8,https://youtube.com/watch?v=l8zlKap1JEo,https://i.ytimg.com/vi/l8zlKap1JEo/hqdefault.jpg?sqp=-oaymwEcCNACELwBSFXyq4qpAw4IARUAAIhCGAFwAcABBg==&rs=AOn4CLAEQ2IdRgNP4ofg_JyMCQufW1yVkQ,Dhindora | Official Music Video | BB Ki Vines,"57,739,212",1 year ago
9,https://youtube.com/watch?v=TjyHk-4OHI4,https://i.ytimg.com/vi/TjyHk-4OHI4/hqdefault.jpg?sqp=-oaymwEcCNACELwBSFXyq4qpAw4IARUAAIhCGAFwAcABBg==&rs=AOn4CLDCEGRjSqWnymWtJW6jcb9NVWVMtw,Dhindora | EP 08: Samay Ka Pahiya | BB Ki Vines | Season Finale,"34,888,805",1 year ago
10,https://youtube.com/watch?v=HHQ68FnjAvY,https://i.ytimg.com/vi/HHQ68FnjAvY/hqdefault.jpg?sqp=-oaymwEcCNACELwBSFXyq4qpAw4IARUAAIhCGAFwAcABBg==&rs=AOn4CLBz7aSp3QEOZU88fG5Xdzran_LVdQ,Dhindora | EP 07: Toota Ek Taara | BB Ki Vines,"37,418,115",1 year ago
11,https://youtube.com/watch?v=A0wcdnzzyIE,https://i.ytimg.com/vi/A0wcdnzzyIE/hqdefault.jpg?sqp=-oaymwEcCNACELwBSFXyq4qpAw4IARUAAIhCGAFwAcABBg==&rs=AOn4CLCtPiIckbNDCEsd0ZcFpubWRT9vKQ,Dhindora | EP 06: DTYDHTB | BB Ki Vines,"38,239,421",1 year ago
12,https://youtube.com/watch?v=JalYXTCm-pc,https://i.ytimg.com/vi/JalYXTCm-pc/hqdefault.jpg?sqp=-oaymwEcCNACELwBSFXyq4qpAw4IARUAAIhCGAFwAcABBg==&rs=AOn4CLA3sGEGhxSrve2oDL3mwkWNJd2UmA,Dhindora | EP 05: Erection In Progress | BB Ki Vines,"41,280,546",1 year ago
13,https://youtube.com/watch?v=Q9bsSQgBanc,https://i.ytimg.com/vi/Q9bsSQgBanc/hqdefault.jpg?sqp=-oaymwEcCNACELwBSFXyq4qpAw4IARUAAIhCGAFwAcABBg==&rs=AOn4CLAEF-8sTbtItjpVvjJtAOo-jzn67Q,Dhindora | EP 04: Saste Sherlock | BB Ki Vines,"43,489,200",1 year ago
14,https://youtube.com/watch?v=-7WqO6gi8H0,https://i.ytimg.com/vi/-7WqO6gi8H0/hqdefault.jpg?sqp=-oaymwEcCNACELwBSFXyq4qpAw4IARUAAIhCGAFwAcABBg==&rs=AOn4CLD1itGkAWJj1AW6xp9IUKkrpVZN1g,Dhindora | EP 03: Nano Thug Lenge | BB Ki Vines,"45,743,700",1 year ago
15,https://youtube.com/watch?v=7oKiAPIJ7nU,https://i.ytimg.com/vi/7oKiAPIJ7nU/hqdefault.jpg?sqp=-oaymwEcCNACELwBSFXyq4qpAw4IARUAAIhCGAFwAcABBg==&rs=AOn4CLAUkeiWRkKWW9pdYWAy7QU5DybH1A,Dhindora | EP 02: Baasi Roti | BB Ki Vines,"50,259,447",1 year ago
16,https://youtube.com/watch?v=Y_2y4y0kQig,https://i.ytimg.com/vi/Y_2y4y0kQig/hqdefault.jpg?sqp=-oaymwEcCNACELwBSFXyq4qpAw4IARUAAIhCGAFwAcABBg==&rs=AOn4CLBoF-s0WheDc3aezaCYy_0A30XbIQ,Dhindora | EP 01: Lag Gayi | BB Ki Vines,"68,206,870",1 year ago
17,https://youtube.com/watch?v=IUsiTOUo3HE,https://i.ytimg.com/vi/IUsiTOUo3HE/hqdefault.jpg?sqp=-oaymwEcCNACELwBSFXyq4qpAw4IARUAAIhCGAFwAcABBg==&rs=AOn4CLBNc6eMloyoZ_q7UVsSPDW408ry7w,Dhindora | Official Trailer | BB Ki Vines,"38,042,663",1 year ago
18,https://youtube.com/watch?v=OGMm7g0tdRA,https://i.ytimg.com/vi/OGMm7g0tdRA/hqdefault.jpg?sqp=-oaymwEcCNACELwBSFXyq4qpAw4IARUAAIhCGAFwAcABBg==&rs=AOn4CLD4JaYNDSnsc5Fjkm_UznQSmJhl7w,Titu Mama Ka Gyaan | Holi Party | BB Ki Vines,"38,321,152",2 years ago
19,https://youtube.com/watch?v=_9sAX5R0qB4,https://i.ytimg.com/vi/_9sAX5R0qB4/hqdefault.jpg?sqp=-oaymwEcCNACELwBSFXyq4qpAw4IARUAAIhCGAFwAcABBg==&rs=AOn4CLApoA0wMFcAdjc95mTMaQWggmTQFQ,BB Ki Vines- | Pitaji Got Talent |,"26,208,096",2 years ago
20,https://youtube.com/watch?v=qHbKQqJOcrU,https://i.ytimg.com/vi/qHbKQqJOcrU/hqdefault.jpg?sqp=-oaymwEcCNACELwBSFXyq4qpAw4IARUAAIhCGAFwAcABBg==&rs=AOn4CLCb94UInCjyebCGrfMLPxy8-ugvcQ,BB Ki Vines- | Ask BB- Episode 7 |,"14,917,568",2 years ago
21,https://youtube.com/watch?v=8n49WTTPaM0,https://i.ytimg.com/vi/8n49WTTPaM0/hqdefault.jpg?sqp=-oaymwEcCNACELwBSFXyq4qpAw4IARUAAIhCGAFwAcABBg==&rs=AOn4CLAf6kYjTqbDIMmmJxxpXlMdOpgvTA,BB Ki Vines- | Kyun Sameer Kyun? |,"39,884,061",2 years ago
22,https://youtube.com/watch?v=BslKbJkOm98,https://i.ytimg.com/vi/BslKbJkOm98/hqdefault.jpg?sqp=-oaymwEcCNACELwBSFXyq4qpAw4IARUAAIhCGAFwAcABBg==&rs=AOn4CLAxPhYXESeMzOgrtQTewB0suj7SFw,BB Ki Vines- | ManglooSutra |,"31,884,973",2 years ago
23,https://youtube.com/watch?v=xn77xK5WeRI,https://i.ytimg.com/vi/xn77xK5WeRI/hqdefault.jpg?sqp=-oaymwEcCNACELwBSFXyq4qpAw4IARUAAIhCGAFwAcABBg==&rs=AOn4CLCzDYK4Cl8uV8-DarSVDn4Q0sj1XQ,Bandook Ya Lighter? | Latika | BB Ki Vines,"39,384,623",2 years ago
24,https://youtube.com/watch?v=kSFJGEHDCrQ,https://i.ytimg.com/vi/kSFJGEHDCrQ/hqdefault.jpg?sqp=-oaymwEcCNACELwBSFXyq4qpAw4IARUAAIhCGAFwAcABBg==&rs=AOn4CLAT51BlgHEalApQYs49s5WaG9C8Uw,Heer Ranjha - Bhuvan Bam | Official Music Video |,"22,348,319",2 years ago
25,https://youtube.com/watch?v=NrdZBDh2r9o,https://i.ytimg.com/vi/NrdZBDh2r9o/hqdefault.jpg?sqp=-oaymwEcCNACELwBSFXyq4qpAw4IARUAAIhCGAFwAcABBg==&rs=AOn4CLB-W-h1gRJEF2kob6w74DnTTL8i7Q,BB Ki Vines- | Sameer Vs Hola - The Ultimate Roast |,"25,668,190",2 years ago
26,https://youtube.com/watch?v=mOLlhfxGhVk,https://i.ytimg.com/vi/mOLlhfxGhVk/hqdefault.jpg?sqp=-oaymwEcCNACELwBSFXyq4qpAw4IARUAAIhCGAFwAcABBg==&rs=AOn4CLCiIsoLrnk4OPo3qbJ4_G7W_ZZZ8Q,BB Ki Vines- | Titu Talks- Episode 3 ft. Lifelines Of Society |,"17,728,323",2 years ago
27,https://youtube.com/watch?v=s4aY3VAIViw,https://i.ytimg.com/vi/s4aY3VAIViw/hqdefault.jpg?sqp=-oaymwEcCNACELwBSFXyq4qpAw4IARUAAIhCGAFwAcABBg==&rs=AOn4CLBKsVenr5onvhm02yUsW3ssjKDCzg,BB Ki Vines- | Lockdown Queen |,"24,027,951",2 years ago
28,https://youtube.com/watch?v=xgXnDnf0cHY,https://i.ytimg.com/vi/xgXnDnf0cHY/hqdefault.jpg?sqp=-oaymwEcCNACELwBSFXyq4qpAw4IARUAAIhCGAFwAcABBg==&rs=AOn4CLBMYX0otq6Qn926DDqLSuw5X18OVg,Bubbly Sir Ki Lockdown Life! | Angry Masterji 15 | BB Ki Vines,"59,762,459",3 years ago
29,https://youtube.com/watch?v=6xmcYOq1r7I,https://i.ytimg.com/vi/6xmcYOq1r7I/hqdefault.jpg?sqp=-oaymwEcCNACELwBSFXyq4qpAw4IARUAAIhCGAFwAcABBg==&rs=AOn4CLCxUjSxoLMjuH2imStM9UkF4bsAeA,BB Ki Vines- | Time To Be A Hero |,"14,296,073",3 years ago
30,https://youtube.com/watch?v=QQF4Uz4CZMg,https://i.ytimg.com/vi/QQF4Uz4CZMg/hqdefault.jpg?sqp=-oaymwEcCNACELwBSFXyq4qpAw4IARUAAIhCGAFwAcABBg==&rs=AOn4CLAs4rUzooZ9VB-ycNQOlpnpDIsWBQ,First Impression is the Last Impression | Business call | BB Ki Vines,"28,434,408",3 years ago
31,https://youtube.com/watch?v=vQ_5BsUIxQk,https://i.ytimg.com/vi/vQ_5BsUIxQk/hqdefault.jpg?sqp=-oaymwEcCNACELwBSFXyq4qpAw4IARUAAIhCGAFwAcABBg==&rs=AOn4CLA7DqY0ZQr7e3drto3zyl3x6yRo8Q,BB Ki Vines (Vlog #7)- | BB in Davos |,"7,663,201",3 years ago
32,https://youtube.com/watch?v=jqp0lqrfQwQ,https://i.ytimg.com/vi/jqp0lqrfQwQ/hqdefault.jpg?sqp=-oaymwEcCNACELwBSFXyq4qpAw4IARUAAIhCGAFwAcABBg==&rs=AOn4CLCFi9XXb26DNSYGBnJ1tB8RmefuEw,Pyaar Ki Taakat | Valentine Shopping | BB Ki Vines,"34,540,313",3 years ago
33,https://youtube.com/watch?v=zio4wp5tFZ8,https://i.ytimg.com/vi/zio4wp5tFZ8/hqdefault.jpg?sqp=-oaymwEcCNACELwBSFXyq4qpAw4IARUAAIhCGAFwAcABBg==&rs=AOn4CLDn5x_zNSnQuX1kFamd1Mc2tW7dGw,BB Ki Vines- | Doctor Sehgal- (Seedhe Ji) |,"16,716,305",3 years ago
34,https://youtube.com/watch?v=RXeLbs_ogDU,https://i.ytimg.com/vi/RXeLbs_ogDU/hqdefault.jpg?sqp=-oaymwEcCNACELwBSFXyq4qpAw4IARUAAIhCGAFwAcABBg==&rs=AOn4CLD_Au41qF5mbH7WI1OTDsvkDCVxEA,WhatsApp ki Taakat! | What the Bunk | BB Ki Vines,"30,775,281",3 years ago
35,https://youtube.com/watch?v=Hk3GMLrlCEo,https://i.ytimg.com/vi/Hk3GMLrlCEo/hqdefault.jpg?sqp=-oaymwEcCNACELwBSFXyq4qpAw4IARUAAIhCGAFwAcABBg==&rs=AOn4CLCSwiurZbjgGw_02Obbd2fjEmZI-A,BB Ki Vines- | My Duty |,"21,863,377",3 years ago
36,https://youtube.com/watch?v=xBenpJNznJA,https://i.ytimg.com/vi/xBenpJNznJA/hqdefault.jpg?sqp=-oaymwEcCNACELwBSFXyq4qpAw4IARUAAIhCGAFwAcABBg==&rs=AOn4CLA3S5IFqAFBX-HcXBevuRAqWf6FgA,BB Ki Vines- | Ask BB- Episode 6 |,"17,678,365",3 years ago
37,https://youtube.com/watch?v=_Dx9Qjod0s0,https://i.ytimg.com/vi/_Dx9Qjod0s0/hqdefault.jpg?sqp=-oaymwEcCNACELwBSFXyq4qpAw4IARUAAIhCGAFwAcABBg==&rs=AOn4CLCae_ZvFUzvVQDOckUTlzhf_OW28Q,Ajnabee - Bhuvan Bam | Official Music Video |,"15,102,886",3 years ago
38,https://youtube.com/watch?v=baZ1cVxiNtg,https://i.ytimg.com/vi/baZ1cVxiNtg/hqdefault.jpg?sqp=-oaymwEcCNACELwBSFXyq4qpAw4IARUAAIhCGAFwAcABBg==&rs=AOn4CLD3hf5H5-tU7xvSByUU5W7QjwQz0w,Ye Babloo Ji ka Raj Hai! | Nahi Jaana Please | BB Ki Vines,"34,726,864",3 years ago
39,https://youtube.com/watch?v=EJe3xxkzj5Y,https://i.ytimg.com/vi/EJe3xxkzj5Y/hqdefault.jpg?sqp=-oaymwEcCNACELwBSFXyq4qpAw4IARUAAIhCGAFwAcABBg==&rs=AOn4CLAy6nTwktfEhhA68nPtwPDVt_lh1w,BB ka chota bhai?! | Khush-Khabri | BB Ki Vines,"35,918,453",3 years ago
40,https://youtube.com/watch?v=_ey_1I1aJ5w,https://i.ytimg.com/vi/_ey_1I1aJ5w/hqdefault.jpg?sqp=-oaymwEcCNACELwBSFXyq4qpAw4IARUAAIhCGAFwAcABBg==&rs=AOn4CLBOwzCld6NwE1nlLmADV-Ylc0wrgw,Body ka strongest hissa kya hai? | Angry Masterji 14 | BB Ki Vines,"41,105,401",3 years ago
41,https://youtube.com/watch?v=S6tVYpKZ2fo,https://i.ytimg.com/vi/S6tVYpKZ2fo/hqdefault.jpg?sqp=-oaymwEcCNACELwBSFXyq4qpAw4IARUAAIhCGAFwAcABBg==&rs=AOn4CLBSBOhgMPpJCx_UTUfSEYoC_wcvbQ,BB Ki Vines- | Paani Ki Samasya |,"30,567,709",3 years ago
42,https://youtube.com/watch?v=szvRvkQRyGg,https://i.ytimg.com/vi/szvRvkQRyGg/hqdefault.jpg?sqp=-oaymwEcCNACELwBSFXyq4qpAw4IARUAAIhCGAFwAcABBg==&rs=AOn4CLDsXlkUXapFnnbGSBUSnx0Lvki4Ig,Bablooji's ex? | Chakhne Pe Charcha |BB Ki Vines,"40,792,832",3 years ago
43,https://youtube.com/watch?v=b0Go-EZEc4M,https://i.ytimg.com/vi/b0Go-EZEc4M/hqdefault.jpg?sqp=-oaymwEcCNACELwBSFXyq4qpAw4IARUAAIhCGAFwAcABBg==&rs=AOn4CLDeKHdbsod2poGaLK6TnB-7Ridf5w,BB Ki Vines- | Detective Mangloo |,"30,419,778",3 years ago
44,https://youtube.com/watch?v=r6k3NdKoMX8,https://i.ytimg.com/vi/r6k3NdKoMX8/hqdefault.jpg?sqp=-oaymwEcCNACELwBSFXyq4qpAw4IARUAAIhCGAFwAcABBg==&rs=AOn4CLCIi0kUB3QBaQv1M2QSXLL-2kvvIw,Family Cruise Trip | Light Gayi Hai! | BB Ki Vines,"38,046,246",3 years ago
45,https://youtube.com/watch?v=nvmOhpuIhfI,https://i.ytimg.com/vi/nvmOhpuIhfI/hqdefault.jpg?sqp=-oaymwEcCNACELwBSFXyq4qpAw4IARUAAIhCGAFwAcABBg==&rs=AOn4CLD3OlViI8ou8hY5GEjnFh_jgVsGXA,BB Ki Vines- | Unprotected Fax |,"30,445,402",3 years ago
46,https://youtube.com/watch?v=RcOOMlJHRH0,https://i.ytimg.com/vi/RcOOMlJHRH0/hqdefault.jpg?sqp=-oaymwEcCNACELwBSFXyq4qpAw4IARUAAIhCGAFwAcABBg==&rs=AOn4CLA75O0ALLS2iy9_eMhZH4_tenuqTw,BB Ki Vines- | The Brighter Side |,"21,086,249",3 years ago
47,https://youtube.com/watch?v=Wg-ZgiQvlTY,https://i.ytimg.com/vi/Wg-ZgiQvlTY/hqdefault.jpg?sqp=-oaymwEcCNACELwBSFXyq4qpAw4IARUAAIhCGAFwAcABBg==&rs=AOn4CLCwQKRhVzVw4pr6KCXJ42_7ZBpbVA,Bubbly sir's last day | Angry Masterji 13 | BB Ki Vines,"50,704,897",3 years ago
48,https://youtube.com/watch?v=Tv1Z4jvcgws,https://i.ytimg.com/vi/Tv1Z4jvcgws/hqdefault.jpg?sqp=-oaymwEcCNACELwBSFXyq4qpAw4IARUAAIhCGAFwAcABBg==&rs=AOn4CLC1DnReIdaXKBUzwwV4IuCeL-c7PQ,BB Ki Vines (Vlog #6)- | BB in USA |,"13,770,537",4 years ago
49,https://youtube.com/watch?v=v9mxKGJ7Nv0,https://i.ytimg.com/vi/v9mxKGJ7Nv0/hqdefault.jpg?sqp=-oaymwEcCNACELwBSFXyq4qpAw4IARUAAIhCGAFwAcABBg==&rs=AOn4CLACtP9eGLnAs_8Rvk4feYYB7_2-Fg,Dosti Karke Dhoka Mila! | Holi Ke Laddoo | BB Ki Vines,"34,445,820",4 years ago
50,https://youtube.com/watch?v=oBfRJplcSuk,https://i.ytimg.com/vi/oBfRJplcSuk/hqdefault.jpg?sqp=-oaymwEcCNACELwBSFXyq4qpAw4IARUAAIhCGAFwAcABBg==&rs=AOn4CLCm4NlRMQ80a-loy--ai4cfuUFfdg,BB Ki Vines- Bhuvan Bam- Bas Mein | Official Music Video |,"22,952,466",4 years ago
51,https://youtube.com/watch?v=dLhKPgAotSQ,https://i.ytimg.com/vi/dLhKPgAotSQ/hqdefault.jpg?sqp=-oaymwEcCNACELwBSFXyq4qpAw4IARUAAIhCGAFwAcABBg==&rs=AOn4CLD0BVfjkgqZwNm87g4s5id_VpRgsQ,Naughty Ghaziabad | Titu Talks Ep 02 ft. Johnny Sins  @SinsTV  | BB Ki Vines,"52,883,320",4 years ago
52,https://youtube.com/watch?v=g0CWxEuN2VI,https://i.ytimg.com/vi/g0CWxEuN2VI/hqdefault.jpg?sqp=-oaymwEcCNACELwBSFXyq4qpAw4IARUAAIhCGAFwAcABBg==&rs=AOn4CLCMKGzB64iEdbMz9AQ6oGijdJZpAA,800 ka kaccha kaun pehenta hai?! | Faaltu Kharcha | BB Ki Vines,"38,103,156",4 years ago
53,https://youtube.com/watch?v=OIr31AZtVSk,https://i.ytimg.com/vi/OIr31AZtVSk/hqdefault.jpg?sqp=-oaymwEcCNACELwBSFXyq4qpAw4IARUAAIhCGAFwAcABBg==&rs=AOn4CLBKizJGZfWxXoGy4lJUauUvbqtzmw,Bhuvan Ka Birthday! | Itni Thand English Jhand | BB Ki Vines,"55,253,325",4 years ago
54,https://youtube.com/watch?v=kk99KdrraJI,https://i.ytimg.com/vi/kk99KdrraJI/hqdefault.jpg?sqp=-oaymwEcCNACELwBSFXyq4qpAw4IARUAAIhCGAFwAcABBg==&rs=AOn4CLCBjLxtu2IadcxGQQqn809FE5UB4Q,BB Ki Vines- | The Salesman- Part 2 |,"29,937,165",4 years ago
55,https://youtube.com/watch?v=zsjK04TqQq0,https://i.ytimg.com/vi/zsjK04TqQq0/hqdefault.jpg?sqp=-oaymwEcCNACELwBSFXyq4qpAw4IARUAAIhCGAFwAcABBg==&rs=AOn4CLCTQQ-BkaCX48zzMiMWNry780P5SQ,Wife Ko Impress Karne Ke 3 Shabd! | Titu Talks Ep 01 ft. Shah Rukh Khan | BB Ki Vines,"48,530,161",4 years ago
56,https://youtube.com/watch?v=lXQgSJsqLyw,https://i.ytimg.com/vi/lXQgSJsqLyw/hqdefault.jpg?sqp=-oaymwEcCNACELwBSFXyq4qpAw4IARUAAIhCGAFwAcABBg==&rs=AOn4CLAjb1OdFLIvM-pbbMP0obB5UvcUdA,I made a Johnny Sin  | Ghar Ke Kaagaz | BB Ki Vines,"35,219,299",4 years ago
57,https://youtube.com/watch?v=MGeC6aZkz74,https://i.ytimg.com/vi/MGeC6aZkz74/hqdefault.jpg?sqp=-oaymwEcCNACELwBSFXyq4qpAw4IARUAAIhCGAFwAcABBg==&rs=AOn4CLCp6PU8kCkIlTxNVZ3WwU_sRdLzsg,Bhuvan Bam- | Girl Child Education- A YouTube Impact Lab Initiative |,"3,853,721",4 years ago
58,https://youtube.com/watch?v=9sgzsesyCew,https://i.ytimg.com/vi/9sgzsesyCew/hqdefault.jpg?sqp=-oaymwEcCNACELwBSFXyq4qpAw4IARUAAIhCGAFwAcABBg==&rs=AOn4CLBPvA21tlIJMlvV1xfBbGBQCBnV-A,Bablooji gone DEAF?! | Diwali pe Diwala | BB Ki Vines,"41,230,962",4 years ago
59,https://youtube.com/watch?v=jKyXUJceZ6k,https://i.ytimg.com/vi/jKyXUJceZ6k/hqdefault.jpg?sqp=-oaymwEcCNACELwBSFXyq4qpAw4IARUAAIhCGAFwAcABBg==&rs=AOn4CLC-PRKBXin_YeSmVN4sZasvMhnNRQ,Plus Minus | Divya Dutta & Bhuvan Bam | Short Film,"30,219,735",4 years ago
60,https://youtube.com/watch?v=n3zHrXTVrH0,https://i.ytimg.com/vi/n3zHrXTVrH0/hqdefault.jpg?sqp=-oaymwEcCNACELwBSFXyq4qpAw4IARUAAIhCGAFwAcABBg==&rs=AOn4CLCNDIX4PWsmeBRa-cK4QNN9i1CAyA,How to impress your date | Dating Hutiyapa | BB Ki Vines,"36,786,870",4 years ago
61,https://youtube.com/watch?v=fMK6n3JqfMw,https://i.ytimg.com/vi/fMK6n3JqfMw/hqdefault.jpg?sqp=-oaymwEcCNACELwBSFXyq4qpAw4IARUAAIhCGAFwAcABBg==&rs=AOn4CLAqoyIbk6ijg-BNgnU7SiUppehAoQ,Bubbly sir is hopeless dad?! | Angry Masterji- Part 12 | BB Ki Vines,"38,937,145",4 years ago
62,https://youtube.com/watch?v=rhhWr8R88IY,https://i.ytimg.com/vi/rhhWr8R88IY/hqdefault.jpg?sqp=-oaymwEcCNACELwBSFXyq4qpAw4IARUAAIhCGAFwAcABBg==&rs=AOn4CLBCVnQzwuL_g8qSocm1zgiPPsgLjw,Bhuvan Bam- Rahguzar | Official Music Video |,"10,430,492",4 years ago
63,https://youtube.com/watch?v=5DLsUabKDIU,https://i.ytimg.com/vi/5DLsUabKDIU/hqdefault.jpg?sqp=-oaymwEcCNACELwBSFXyq4qpAw4IARUAAIhCGAFwAcABBg==&rs=AOn4CLB3wiVd_Aoeuu99DgdHnupuqEvyaQ,BB Ki Vines- | Ask BB- Episode 5 |,"19,727,294",4 years ago
64,https://youtube.com/watch?v=X79M2qxsrig,https://i.ytimg.com/vi/X79M2qxsrig/hqdefault.jpg?sqp=-oaymwEcCNACELwBSFXyq4qpAw4IARUAAIhCGAFwAcABBg==&rs=AOn4CLAZ6Brmk9LKF20ogXB8gZcTrudTDg,Kitni Gehri Hai Inki Dosti? | Goa Chalte Hain | BB Ki Vines,"42,543,260",4 years ago
65,https://youtube.com/watch?v=e9sEYgOUeQA,https://i.ytimg.com/vi/e9sEYgOUeQA/hqdefault.jpg?sqp=-oaymwEcCNACELwBSFXyq4qpAw4IARUAAIhCGAFwAcABBg==&rs=AOn4CLDhoReInD5GsBolYjaAcdk6S_FLSg,Babloo Ji Romantic Mood Mein?! | Saalgira Party | BB Ki Vines,"54,044,131",4 years ago
66,https://youtube.com/watch?v=whLwUXVZ2CY,https://i.ytimg.com/vi/whLwUXVZ2CY/hqdefault.jpg?sqp=-oaymwEcCNACELwBSFXyq4qpAw4IARUAAIhCGAFwAcABBg==&rs=AOn4CLCZ_EME5jJ4tNv6IDdCK-LxumbJlQ,Humara Rishta Khatam?! | Maakichu Mere Bete | BB Ki Vines,"37,715,288",4 years ago
67,https://youtube.com/watch?v=Zqv5CBWt9yA,https://i.ytimg.com/vi/Zqv5CBWt9yA/hqdefault.jpg?sqp=-oaymwEcCNACELwBSFXyq4qpAw4IARUAAIhCGAFwAcABBg==&rs=AOn4CLADytfv1YhdQB_-Z0cgzuETugd4CA,Bhuvan Bam- Safar | Official Music Video |,"20,654,217",4 years ago
68,https://youtube.com/watch?v=g2orJgNOpnU,https://i.ytimg.com/vi/g2orJgNOpnU/hqdefault.jpg?sqp=-oaymwEcCNACELwBSFXyq4qpAw4IARUAAIhCGAFwAcABBg==&rs=AOn4CLAL9HzHzPgT-B1g-GU72cmz46WBlw,BB Ki Vines- | Alvida Dost |,"31,029,622",4 years ago
69,https://youtube.com/watch?v=cPhQom-gLq0,https://i.ytimg.com/vi/cPhQom-gLq0/hqdefault.jpg?sqp=-oaymwEcCNACELwBSFXyq4qpAw4IARUAAIhCGAFwAcABBg==&rs=AOn4CLAgVmBojuNCRaOO-V1DuijjI6eCfg,Sir please fail mat kijiye! | Angry Masterji 11 | BB Ki Vines,"48,611,203",4 years ago
70,https://youtube.com/watch?v=fNTmrLZHcg8,https://i.ytimg.com/vi/fNTmrLZHcg8/hqdefault.jpg?sqp=-oaymwEcCNACELwBSFXyq4qpAw4IARUAAIhCGAFwAcABBg==&rs=AOn4CLBEu4xVwOC2hLNzSOYMWHYS5LgGrA,BB and Bancho join Sameer's business | Career Tension | BB Ki Vines,"45,640,699",4 years ago
71,https://youtube.com/watch?v=T9WN2_ikz6Q,https://i.ytimg.com/vi/T9WN2_ikz6Q/hqdefault.jpg?sqp=-oaymwEcCNACELwBSFXyq4qpAw4IARUAAIhCGAFwAcABBg==&rs=AOn4CLC2N7pTH4kbjH43emrHpmjSCo-HXw,BB Ki Vines- | The Sacrifice |,"18,039,258",5 years ago
72,https://youtube.com/watch?v=t-My3vpDBvA,https://i.ytimg.com/vi/t-My3vpDBvA/hqdefault.jpg?sqp=-oaymwEcCNACELwBSFXyq4qpAw4IARUAAIhCGAFwAcABBg==&rs=AOn4CLDxAFsGM49RS3_oXpZHS0X0InL4qg,Bablooji's Secret! | Likhe Jo Khat Tujhe | BB Ki Vines,"39,394,699",5 years ago
73,https://youtube.com/watch?v=FRbG0XrTNPY,https://i.ytimg.com/vi/FRbG0XrTNPY/hqdefault.jpg?sqp=-oaymwEcCNACELwBSFXyq4qpAw4IARUAAIhCGAFwAcABBg==&rs=AOn4CLD2wwcGzBCt6DgpZOmNyOZ8Cx1gZQ,BB Ki Vines (Vlog #5)- | BB in Canada |,"17,867,777",5 years ago
74,https://youtube.com/watch?v=FPm7xM849-E,https://i.ytimg.com/vi/FPm7xM849-E/hqdefault.jpg?sqp=-oaymwEcCNACELwBSFXyq4qpAw4IARUAAIhCGAFwAcABBg==&rs=AOn4CLACUYuFHQd6MWfSMetXW8NDVo_7YA,BB Ki Vines- | Maun Vrat |,"36,056,425",5 years ago
75,https://youtube.com/watch?v=PoJ73OXEEy0,https://i.ytimg.com/vi/PoJ73OXEEy0/hqdefault.jpg?sqp=-oaymwEcCNACELwBSFXyq4qpAw4IARUAAIhCGAFwAcABBg==&rs=AOn4CLA9tPcyXut6VRWr-Wf3P7hbpk3YYw,Kya hai Mr Hola ka plan? | Faisla | BB Ki Vines,"55,125,954",5 years ago
76,https://youtube.com/watch?v=mt-pg8FBBDw,https://i.ytimg.com/vi/mt-pg8FBBDw/hqdefault.jpg?sqp=-oaymwEcCNACELwBSFXyq4qpAw4IARUAAIhCGAFwAcABBg==&rs=AOn4CLB4AgOyBE0lqjrXmboaFJGSAJqOrA,BB Ki Vines- | Ask BB- Episode 4 |,"19,694,037",5 years ago
77,https://youtube.com/watch?v=2RPuAW7E-YQ,https://i.ytimg.com/vi/2RPuAW7E-YQ/hqdefault.jpg?sqp=-oaymwEcCNACELwBSFXyq4qpAw4IARUAAIhCGAFwAcABBg==&rs=AOn4CLCCi4Mrs41SVO38y3pENvqfWgb6uA,Bhuvan Bam- Sang Hoon Tere | Official Music Video |,"19,151,196",5 years ago
78,https://youtube.com/watch?v=gLVZNTtr_rI,https://i.ytimg.com/vi/gLVZNTtr_rI/hqdefault.jpg?sqp=-oaymwEcCNACELwBSFXyq4qpAw4IARUAAIhCGAFwAcABBg==&rs=AOn4CLCyDaLpEb4Ds-R3_S536GOjnUllqg,Babloo Ji ke gale mei HICKEY?! | Laut Aaye Jijaji | BB Ki Vines,"42,856,998",5 years ago
79,https://youtube.com/watch?v=64K0ZNYZBs0,https://i.ytimg.com/vi/64K0ZNYZBs0/hqdefault.jpg?sqp=-oaymwEcCNACELwBSFXyq4qpAw4IARUAAIhCGAFwAcABBg==&rs=AOn4CLAl6ZSQvzfFQtNi9JQN5ElaTtEgaw,BB Ki Vines- | Jijaji Ko Dhoondo |,"35,038,944",5 years ago
80,https://youtube.com/watch?v=zaNkvgcDHqE,https://i.ytimg.com/vi/zaNkvgcDHqE/hqdefault.jpg?sqp=-oaymwEcCNACELwBSFXyq4qpAw4IARUAAIhCGAFwAcABBg==&rs=AOn4CLC9prCS45vZ24bdNjLuXFD5hkBq_Q,BB Ki Vines- | Adrak Baba |,"27,258,023",5 years ago
81,https://youtube.com/watch?v=OL3yCJEm4OM,https://i.ytimg.com/vi/OL3yCJEm4OM/hqdefault.jpg?sqp=-oaymwEcCNACELwBSFXyq4qpAw4IARUAAIhCGAFwAcABBg==&rs=AOn4CLAatZrTqnVmjVKWS_oEGmp2yXh1Ag,Mere bhai ko maara! | Yaar Anmulle | BB Ki Vines,"38,486,345",5 years ago
82,https://youtube.com/watch?v=wgMiKKcc8pE,https://i.ytimg.com/vi/wgMiKKcc8pE/hqdefault.jpg?sqp=-oaymwEcCNACELwBSFXyq4qpAw4IARUAAIhCGAFwAcABBg==&rs=AOn4CLDxXPTff44J4BD7QKeiW17tHF299Q,BB Ki Vines- | Breast Cancer Awareness Campaign |,"4,122,488",5 years ago
83,https://youtube.com/watch?v=dFKhWe2bBkM,https://i.ytimg.com/vi/dFKhWe2bBkM/hqdefault.jpg?sqp=-oaymwEcCNACELwBSFXyq4qpAw4IARUAAIhCGAFwAcABBg==&rs=AOn4CLAtEuUHvREtbpPL6oILpgyYOpsQ8A,School hai ki Masterchef India?!| Angry Masterji 10 | BB Ki Vines,"63,102,663",5 years ago
84,https://youtube.com/watch?v=FXmeHO-OVFk,https://i.ytimg.com/vi/FXmeHO-OVFk/hqdefault.jpg?sqp=-oaymwEcCNACELwBSFXyq4qpAw4IARUAAIhCGAFwAcABBg==&rs=AOn4CLBnnEH6_9eGDmkK5gjyepNUx3Au-Q,Leave a F for Bancho | Dastaan-e-Breakup | BB Ki Vines,"40,339,176",5 years ago
85,https://youtube.com/watch?v=r5hECQ8KBRw,https://i.ytimg.com/vi/r5hECQ8KBRw/hqdefault.jpg?sqp=-oaymwEcCNACELwBSFXyq4qpAw4IARUAAIhCGAFwAcABBg==&rs=AOn4CLCrCEwcZAyR7SSn5u9VzGrO8JuFfQ,BB Ki Vines- | Ask BB- Episode 3 |,"7,592,726",5 years ago
86,https://youtube.com/watch?v=Wv-ZSnT3rjE,https://i.ytimg.com/vi/Wv-ZSnT3rjE/hqdefault.jpg?sqp=-oaymwEcCNACELwBSFXyq4qpAw4IARUAAIhCGAFwAcABBg==&rs=AOn4CLDRlK6_gYMgIvgagSXnSoP77lSgWw,Pehle Dharti Fategi Ya Aasmaan? | The Apocalypse | BB Ki Vines,"33,268,237",5 years ago
87,https://youtube.com/watch?v=gDf86AXzAgA,https://i.ytimg.com/vi/gDf86AXzAgA/hqdefault.jpg?sqp=-oaymwEcCNACELwBSFXyq4qpAw4IARUAAIhCGAFwAcABBg==&rs=AOn4CLBKJh6b66ntArMPMMW53T3s3S49dA,"Jaisa Baap Waisa Beta | Pati, Patni aur Woh | BB Ki Vines","32,332,562",5 years ago
88,https://youtube.com/watch?v=vJVqUwc9J7g,https://i.ytimg.com/vi/vJVqUwc9J7g/hqdefault.jpg?sqp=-oaymwEcCNACELwBSFXyq4qpAw4IARUAAIhCGAFwAcABBg==&rs=AOn4CLAxNomTXYbiFv31scIUiZMry5cooA,Hola ji ka Thailand ka ticket? | The Culprit | BB Ki Vines,"50,286,950",5 years ago
89,https://youtube.com/watch?v=jzbMxWvnlGw,https://i.ytimg.com/vi/jzbMxWvnlGw/hqdefault.jpg?sqp=-oaymwEcCNACELwBSFXyq4qpAw4IARUAAIhCGAFwAcABBg==&rs=AOn4CLC8dPOtTGVsyxHtf0ysMX1YmdE8KA,99 Rupay mei 200 calls | Ghaplebaaz ko Pakdo | BB Ki Vines,"56,521,861",5 years ago
90,https://youtube.com/watch?v=h25S27rh4oY,https://i.ytimg.com/vi/h25S27rh4oY/hqdefault.jpg?sqp=-oaymwEcCNACELwBSFXyq4qpAw4IARUAAIhCGAFwAcABBg==&rs=AOn4CLAlPunqdMp4u6CnynbrhEYX_OFRgA,Chai Mein Kya Dubayenge? Ijjat?! | Titu Mama | BB Ki Vines,"73,258,344",5 years ago
91,https://youtube.com/watch?v=_7-LUPHLCnU,https://i.ytimg.com/vi/_7-LUPHLCnU/hqdefault.jpg?sqp=-oaymwEcCNACELwBSFXyq4qpAw4IARUAAIhCGAFwAcABBg==&rs=AOn4CLCPLZJXhmgMuAig_QYWRZMpbi4Ycw,BB Ki Vines- | Un-Fair |,"21,051,195",6 years ago
92,https://youtube.com/watch?v=4E99h4rdJJ4,https://i.ytimg.com/vi/4E99h4rdJJ4/hqdefault.jpg?sqp=-oaymwEcCNACELwBSFXyq4qpAw4IARUAAIhCGAFwAcABBg==&rs=AOn4CLDVO2z-geCb2k6EPjzMijw5flQn_w,Arrey kaun Bhuvan? | Memory Loss | BB Ki Vines,"37,904,928",6 years ago
93,https://youtube.com/watch?v=q4WEUoz2wHc,https://i.ytimg.com/vi/q4WEUoz2wHc/hqdefault.jpg?sqp=-oaymwEcCNACELwBSFXyq4qpAw4IARUAAIhCGAFwAcABBg==&rs=AOn4CLDaDAvxWV4AU1en4yEAWlqmwntwAA,BB Ki Vines (Vlog #4)- | BB at Fanfest 2017 |,"7,016,264",6 years ago
94,https://youtube.com/watch?v=F1qFB4n9K6Q,https://i.ytimg.com/vi/F1qFB4n9K6Q/hqdefault.jpg?sqp=-oaymwEcCNACELwBSFXyq4qpAw4IARUAAIhCGAFwAcABBg==&rs=AOn4CLD9KCNv1gvQ60nBAWxkQf21AcC5sA,Lets try ANIL | Group Study | BB Ki Vines,"66,613,434",6 years ago
95,https://youtube.com/watch?v=WO0_U8pKRtw,https://i.ytimg.com/vi/WO0_U8pKRtw/hqdefault.jpg?sqp=-oaymwEcCNACELwBSFXyq4qpAw4IARUAAIhCGAFwAcABBg==&rs=AOn4CLB20yEO14eA9BpGaHPfCscLMnjL2w,Single Hi Theek Tha Yaar | Hutiya Ishq | BB Ki Vines,"37,541,799",6 years ago
96,https://youtube.com/watch?v=nco48PDPOqc,https://i.ytimg.com/vi/nco48PDPOqc/hqdefault.jpg?sqp=-oaymwEcCNACELwBSFXyq4qpAw4IARUAAIhCGAFwAcABBg==&rs=AOn4CLBLeMTfnxmbLCfnXJuvrPNMFbLz5A,Apne Baap se aise sawal karega? | Sach Ka Saamna | BB Ki Vines,"44,953,227",6 years ago
97,https://youtube.com/watch?v=WFlL2NWLZj8,https://i.ytimg.com/vi/WFlL2NWLZj8/hqdefault.jpg?sqp=-oaymwEcCNACELwBSFXyq4qpAw4IARUAAIhCGAFwAcABBg==&rs=AOn4CLD39kfEkO6V0vUWtnRBP5zWJgLIiA,BB Ki Vines (Vlog #3)- | Meeting Nawazuddin Siddiqui |,"7,084,768",6 years ago
98,https://youtube.com/watch?v=u8DC6yBhHUA,https://i.ytimg.com/vi/u8DC6yBhHUA/hqdefault.jpg?sqp=-oaymwEcCNACELwBSFXyq4qpAw4IARUAAIhCGAFwAcABBg==&rs=AOn4CLC0hf0Yj5W74W8mo2gDHQ43szp4vQ,BB Ki Vines- | Badass Santa- Part 2 |,"21,509,527",6 years ago
99,https://youtube.com/watch?v=53FPC7tqbNI,https://i.ytimg.com/vi/53FPC7tqbNI/hqdefault.jpg?sqp=-oaymwEcCNACELwBSFXyq4qpAw4IARUAAIhCGAFwAcABBg==&rs=AOn4CLCUjBzNh3BiKX-D0YZOAcf2b9MV2w,Sonam Gupta meri biwi hai | Angry Masterji - Part 9 | BB Ki Vines,"42,290,517",6 years ago
100,https://youtube.com/watch?v=akWm1VVff1A,https://i.ytimg.com/vi/akWm1VVff1A/hqdefault.jpg?sqp=-oaymwEcCNACELwBSFXyq4qpAw4IARUAAIhCGAFwAcABBg==&rs=AOn4CLDjCResbIPbth-oIhe241XJCNObrg,BB Ki Vines (Vlog #2)- | BB in Seoul |,"14,182,173",6 years ago
101,https://youtube.com/watch?v=JukZGqYx0gs,https://i.ytimg.com/vi/JukZGqYx0gs/hqdefault.jpg?sqp=-oaymwEcCNACELwBSFXyq4qpAw4IARUAAIhCGAFwAcABBg==&rs=AOn4CLCTRIUau0EUKQLLRBFC_z4cqGogqg,Bancho ki Shaadi! | Ek Teer Do Nishaane | BB Ki Vines,"37,389,443",6 years ago
102,https://youtube.com/watch?v=w86_VwPi52I,https://i.ytimg.com/vi/w86_VwPi52I/hqdefault.jpg?sqp=-oaymwEcCNACELwBSFXyq4qpAw4IARUAAIhCGAFwAcABBg==&rs=AOn4CLCYKM1k1bPGVFA9rmatOIDCC6y4UA,BB Ki Vines- | Kaanta Ben |,"25,287,461",6 years ago
103,https://youtube.com/watch?v=EntLchF82-4,https://i.ytimg.com/vi/EntLchF82-4/hqdefault.jpg?sqp=-oaymwEcCNACELwBSFXyq4qpAw4IARUAAIhCGAFwAcABBg==&rs=AOn4CLBgSJLdpivEvGLqbYgOa8NW7BOhBQ,BB's Superpower | Mann ki Baat | BB Ki Vines,"44,055,525",6 years ago
104,https://youtube.com/watch?v=Z_kZnIq8Tzk,https://i.ytimg.com/vi/Z_kZnIq8Tzk/hqdefault.jpg?sqp=-oaymwEcCNACELwBSFXyq4qpAw4IARUAAIhCGAFwAcABBg==&rs=AOn4CLBjE9ZSbAuMveA6d3F8aK6xkpaXiA,BB Ki Vines (Vlog #1)- | BB in HK |,"6,312,089",6 years ago
105,https://youtube.com/watch?v=PtmHSxPzr5Q,https://i.ytimg.com/vi/PtmHSxPzr5Q/hqdefault.jpg?sqp=-oaymwEcCNACELwBSFXyq4qpAw4IARUAAIhCGAFwAcABBg==&rs=AOn4CLBlrifyZjhphrE9sA-SEiPUiyCA5A,BB Ki Vines- | Ask BB- Episode 2 |,"7,384,644",6 years ago
106,https://youtube.com/watch?v=Xra3V-LLY6g,https://i.ytimg.com/vi/Xra3V-LLY6g/hqdefault.jpg?sqp=-oaymwEcCNACELwBSFXyq4qpAw4IARUAAIhCGAFwAcABBg==&rs=AOn4CLA706qsJR99JQMyyr17JY5OKHtcJw,Sandwich Mein Se Kancha Nikla! | Angry Masterji Part 8 | BB Ki Vines,"36,143,739",6 years ago
107,https://youtube.com/watch?v=xv6-WYVqmNM,https://i.ytimg.com/vi/xv6-WYVqmNM/hqdefault.jpg?sqp=-oaymwEcCNACELwBSFXyq4qpAw4IARUAAIhCGAFwAcABBg==&rs=AOn4CLDSOHZXxYOT8JG_d2aStcQEHRjnFQ,Papa Maakichu sells toys?! | The Vibrator | BB Ki Vines,"25,607,957",6 years ago
108,https://youtube.com/watch?v=EBTKggc_7MI,https://i.ytimg.com/vi/EBTKggc_7MI/hqdefault.jpg?sqp=-oaymwEcCNACELwBSFXyq4qpAw4IARUAAIhCGAFwAcABBg==&rs=AOn4CLBXrRPSu6hiMVhfFXha2fM0Uprm2Q,Bhuvan Bam- Teri Meri Kahaani | Official Music Video |,"20,606,617",6 years ago
109,https://youtube.com/watch?v=AEDdwdwg5cU,https://i.ytimg.com/vi/AEDdwdwg5cU/hqdefault.jpg?sqp=-oaymwEcCNACELwBSFXyq4qpAw4IARUAAIhCGAFwAcABBg==&rs=AOn4CLCRKYIOYPhWF0kLytJTgDK8Wk6mjQ,Agar har ashleel film dekhne pe ek ped lagta... | Online Dating - Mr Hola Returns| BB Ki Vines,"38,224,922",6 years ago
110,https://youtube.com/watch?v=fcPI0Y_cuWo,https://i.ytimg.com/vi/fcPI0Y_cuWo/hqdefault.jpg?sqp=-oaymwEcCNACELwBSFXyq4qpAw4IARUAAIhCGAFwAcABBg==&rs=AOn4CLDc80i8-2K7EJD0MNT1XpwOhuzlaw,BB Ki Vines- | Mr. Hola Returns Trailer |,"5,592,536",6 years ago
111,https://youtube.com/watch?v=5FvSia64Y_g,https://i.ytimg.com/vi/5FvSia64Y_g/hqdefault.jpg?sqp=-oaymwEcCNACELwBSFXyq4qpAw4IARUAAIhCGAFwAcABBg==&rs=AOn4CLBjk442l_n10Yfl0KtpzUeVCqHhIg,BB Ki Vines- | Sorry Dad |,"15,077,804",6 years ago
112,https://youtube.com/watch?v=-fEIzQ5JD84,https://i.ytimg.com/vi/-fEIzQ5JD84/hqdefault.jpg?sqp=-oaymwEcCNACELwBSFXyq4qpAw4IARUAAIhCGAFwAcABBg==&rs=AOn4CLBGvztc587fnbxQZX498quLe8_A4Q,BB Ki Vines- | Online Dating |,"29,541,237",6 years ago
113,https://youtube.com/watch?v=WWoiQ-1pZMo,https://i.ytimg.com/vi/WWoiQ-1pZMo/hqdefault.jpg?sqp=-oaymwEcCNACELwBSFXyq4qpAw4IARUAAIhCGAFwAcABBg==&rs=AOn4CLDdeOu6FGo4_ElF2UqMoio8_xLQEg,Bubbly sir chal basse! | Angry Masterji - Part 7 | BB Ki Vines,"38,051,089",6 years ago
114,https://youtube.com/watch?v=hbcWUfF7U1Y,https://i.ytimg.com/vi/hbcWUfF7U1Y/hqdefault.jpg?sqp=-oaymwEcCNACELwBSFXyq4qpAw4IARUAAIhCGAFwAcABBg==&rs=AOn4CLBa-gvi6eswXb7K31D26PLr7brrOw,BB Ki Vines- | AMP7 Trailer |,"4,026,400",6 years ago
115,https://youtube.com/watch?v=1JEibvlMAWk,https://i.ytimg.com/vi/1JEibvlMAWk/hqdefault.jpg?sqp=-oaymwEcCNACELwBSFXyq4qpAw4IARUAAIhCGAFwAcABBg==&rs=AOn4CLDSIBgDtLbXD1YAL1NUywqGgdJf4g,Baap ho toh aisa | Papa Maakichu | BB Ki Vines,"38,124,453",7 years ago
116,https://youtube.com/watch?v=X7v3jNmNMZ4,https://i.ytimg.com/vi/X7v3jNmNMZ4/hqdefault.jpg?sqp=-oaymwEcCNACELwBSFXyq4qpAw4IARUAAIhCGAFwAcABBg==&rs=AOn4CLDE3x_QsilPmTNU7ljBxOiDILZElw,Dosti Mein Yeh Mat Bolo | Mr. Hola Returns | BB Ki Vines,"35,161,240",7 years ago
117,https://youtube.com/watch?v=zsgdzuooLUw,https://i.ytimg.com/vi/zsgdzuooLUw/hqdefault.jpg?sqp=-oaymwEcCNACELwBSFXyq4qpAw4IARUAAIhCGAFwAcABBg==&rs=AOn4CLCvT6lNWThGa4AEDcD76O5hnQArhg,Syllabus Kaise Complete Hoga? | Examination Hutiyapa | BB Ki Vines,"32,235,751",7 years ago
118,https://youtube.com/watch?v=43pniwk_r7M,https://i.ytimg.com/vi/43pniwk_r7M/hqdefault.jpg?sqp=-oaymwEcCNACELwBSFXyq4qpAw4IARUAAIhCGAFwAcABBg==&rs=AOn4CLC7D4_w1iCOgnIdfiLP8glJoOoezQ,BB Ki Vines- | News Reporter- Leo Ka Askar |,"8,522,029",7 years ago
119,https://youtube.com/watch?v=nc26Kiq0B0g,https://i.ytimg.com/vi/nc26Kiq0B0g/hqdefault.jpg?sqp=-oaymwEcCNACELwBSFXyq4qpAw4IARUAAIhCGAFwAcABBg==&rs=AOn4CLDplbzjQmb36JFSVVyez8EQFktM0w,Mr Foodie | Angry Masterji Part 6 | BB Ki Vines,"28,335,983",7 years ago
120,https://youtube.com/watch?v=bXJU7mZUud4,https://i.ytimg.com/vi/bXJU7mZUud4/hqdefault.jpg?sqp=-oaymwEcCNACELwBSFXyq4qpAw4IARUAAIhCGAFwAcABBg==&rs=AOn4CLBGOs5UUm5kelHM_P1QBuuMH9wx0g,BB Ki Vines- | Valentine's Week Hutiyapa |,"39,140,731",7 years ago
121,https://youtube.com/watch?v=LlhgR0Y58ZI,https://i.ytimg.com/vi/LlhgR0Y58ZI/hqdefault.jpg?sqp=-oaymwEcCNACELwBSFXyq4qpAw4IARUAAIhCGAFwAcABBg==&rs=AOn4CLDWBWV-6ISQRAUmpiF-6gCh1CNCZA,BB Ki Vines- | Birthday Present |,"17,145,176",7 years ago
122,https://youtube.com/watch?v=w0w7PrZS40w,https://i.ytimg.com/vi/w0w7PrZS40w/hqdefault.jpg?sqp=-oaymwEcCNACELwBSFXyq4qpAw4IARUAAIhCGAFwAcABBg==&rs=AOn4CLCveu1IEVq09pW_kbEcMl-c1Nkdfw,BB Ki Vines- | Happy Naukar |,"25,347,057",7 years ago
123,https://youtube.com/watch?v=d7l56gMT7Tg,https://i.ytimg.com/vi/d7l56gMT7Tg/hqdefault.jpg?sqp=-oaymwEcCNACELwBSFXyq4qpAw4IARUAAIhCGAFwAcABBg==&rs=AOn4CLB-mACbutQOgQsXQ4SUGLqrb7Ti4Q,BB Ki Vines- | Ask BB: Episode 1 |,"4,316,720",7 years ago
124,https://youtube.com/watch?v=1UdCP-nZC1Q,https://i.ytimg.com/vi/1UdCP-nZC1Q/hqdefault.jpg?sqp=-oaymwEcCNACELwBSFXyq4qpAw4IARUAAIhCGAFwAcABBg==&rs=AOn4CLAD_a0qOeflKOagC2sEk08lXo6Hkg,Galti se Send Ho Gaya! | WhatsApp Message | BB Ki Vines,"28,420,142",7 years ago
125,https://youtube.com/watch?v=SNlGhXV5LXw,https://i.ytimg.com/vi/SNlGhXV5LXw/hqdefault.jpg?sqp=-oaymwEcCNACELwBSFXyq4qpAw4IARUAAIhCGAFwAcABBg==&rs=AOn4CLAK4IF920gDf6pbNd0c17NwpiPOUA,BB Ki Vines- | Badass Santa |,"20,809,140",7 years ago
126,https://youtube.com/watch?v=_aNkMde7X8E,https://i.ytimg.com/vi/_aNkMde7X8E/hqdefault.jpg?sqp=-oaymwEcCNACELwBSFXyq4qpAw4IARUAAIhCGAFwAcABBg==&rs=AOn4CLA8C7zJb6HpeKJaHKPwjJEi7HdXsw,BB Ki Vines- | Hit and Run |,"17,121,976",7 years ago
127,https://youtube.com/watch?v=Efr9FzOWEGE,https://i.ytimg.com/vi/Efr9FzOWEGE/hqdefault.jpg?sqp=-oaymwEcCNACELwBSFXyq4qpAw4IARUAAIhCGAFwAcABBg==&rs=AOn4CLBybvRhngBHqHtP3F5GCA8GvcTruA,BB Ki Vines- | Saccha Pyaar |,"23,040,590",7 years ago
128,https://youtube.com/watch?v=Edt36Y2HELY,https://i.ytimg.com/vi/Edt36Y2HELY/hqdefault.jpg?sqp=-oaymwEcCNACELwBSFXyq4qpAw4IARUAAIhCGAFwAcABBg==&rs=AOn4CLARHARG0W9lebimBKcV9zijCMA8Qg,Tameez se baat karo! | Angry Masterji Part 5 | BB Ki Vines,"26,047,332",7 years ago
129,https://youtube.com/watch?v=TqL3M02awOw,https://i.ytimg.com/vi/TqL3M02awOw/hqdefault.jpg?sqp=-oaymwEcCNACELwBSFXyq4qpAw4IARUAAIhCGAFwAcABBg==&rs=AOn4CLCw0WDfMzJH0ExqoWR6e2N1NCyiGQ,BB Ki Vines- | Pray For Humanity |,"1,245,528",7 years ago
130,https://youtube.com/watch?v=FalDYC00icc,https://i.ytimg.com/vi/FalDYC00icc/hqdefault.jpg?sqp=-oaymwEcCNACELwBSFXyq4qpAw4IARUAAIhCGAFwAcABBg==&rs=AOn4CLD0eS3xzIb7Iaov2IyZFkgivAlflg,Pappi lenge?  | Mrs. Verma | BB Ki Vines,"26,038,705",7 years ago
131,https://youtube.com/watch?v=4Ihwd8_NT_Y,https://i.ytimg.com/vi/4Ihwd8_NT_Y/hqdefault.jpg?sqp=-oaymwEcCNACELwBSFXyq4qpAw4IARUAAIhCGAFwAcABBg==&rs=AOn4CLDWI8DYQ6q99JBxcpRVWrQ81_Z44w,BB Ki Vines- |Aur Bata- A Public Service Message|,"13,072,112",7 years ago
132,https://youtube.com/watch?v=AKfskIGrpfk,https://i.ytimg.com/vi/AKfskIGrpfk/hqdefault.jpg?sqp=-oaymwEcCNACELwBSFXyq4qpAw4IARUAAIhCGAFwAcABBg==&rs=AOn4CLClmkzBhA7YKwbU3n4MQu-T0vap7g,BB Ki Vines- | Dr.  Sehgal- Part 3 |,"11,698,170",7 years ago
133,https://youtube.com/watch?v=FQtpL5aHdxg,https://i.ytimg.com/vi/FQtpL5aHdxg/hqdefault.jpg?sqp=-oaymwEcCNACELwBSFXyq4qpAw4IARUAAIhCGAFwAcABBg==&rs=AOn4CLDj_5d2U35jfcNNzO6XZVpReUxt5A,BB Ki Vines- | The Salesman |,"22,794,268",7 years ago
134,https://youtube.com/watch?v=I0lkvADG-6w,https://i.ytimg.com/vi/I0lkvADG-6w/hqdefault.jpg?sqp=-oaymwEcCNACELwBSFXyq4qpAw4IARUAAIhCGAFwAcABBg==&rs=AOn4CLD7EyRiLXV3vmYhOxXWlZ5MwuJZsg,BB Ki Vines- | Bancho Ka Break-up |,"26,093,950",7 years ago
135,https://youtube.com/watch?v=5m6RqeDOESo,https://i.ytimg.com/vi/5m6RqeDOESo/hqdefault.jpg?sqp=-oaymwEcCNACELwBSFXyq4qpAw4IARUAAIhCGAFwAcABBg==&rs=AOn4CLDOOWepysGsyCJJBo4RvkAwDefoKw,BB Ki Vines- | New Car |,"24,040,427",7 years ago
136,https://youtube.com/watch?v=S0esc-aspBk,https://i.ytimg.com/vi/S0esc-aspBk/hqdefault.jpg?sqp=-oaymwEcCNACELwBSFXyq4qpAw4IARUAAIhCGAFwAcABBg==&rs=AOn4CLA5RcChj6XRKMkXMPjGt0LDD4mT6w,Bade Dino Baad Aya Hu | Mr. Hola Vs. Fameer Fuddi | BB Ki Vines,"33,095,691",7 years ago
137,https://youtube.com/watch?v=j1WL3Ysi9jo,https://i.ytimg.com/vi/j1WL3Ysi9jo/hqdefault.jpg?sqp=-oaymwEcCNACELwBSFXyq4qpAw4IARUAAIhCGAFwAcABBg==&rs=AOn4CLBilMS49T6lTR2SsCbhSvi3EXBLhg,BB Ki Vines- | Fameer Fuddi |,"29,075,676",7 years ago
138,https://youtube.com/watch?v=HhlAxjoJA3I,https://i.ytimg.com/vi/HhlAxjoJA3I/hqdefault.jpg?sqp=-oaymwEcCNACELwBSFXyq4qpAw4IARUAAIhCGAFwAcABBg==&rs=AOn4CLCpxWvETeF6qC-ZJDM__C8ryJdyCw,BB Ki Vines- | Relative Ki Shaadi |,"14,215,201",7 years ago
139,https://youtube.com/watch?v=YcrHPFX5RgM,https://i.ytimg.com/vi/YcrHPFX5RgM/hqdefault.jpg?sqp=-oaymwEcCNACELwBSFXyq4qpAw4IARUAAIhCGAFwAcABBg==&rs=AOn4CLC-Y2lPbopcnbREY-lmQElT5lHohA,BB Ki Vines- | Lassan maama |,"19,063,203",7 years ago
140,https://youtube.com/watch?v=Yr8nwNd56pY,https://i.ytimg.com/vi/Yr8nwNd56pY/hqdefault.jpg?sqp=-oaymwEcCNACELwBSFXyq4qpAw4IARUAAIhCGAFwAcABBg==&rs=AOn4CLABfS8zOpZFooB-nayt_kTmO9bXfg,BB Ki Vines- | Bancho meets Mr. Hola |,"17,551,297",7 years ago
141,https://youtube.com/watch?v=0iI2HGCIPwc,https://i.ytimg.com/vi/0iI2HGCIPwc/hqdefault.jpg?sqp=-oaymwEcCNACELwBSFXyq4qpAw4IARUAAIhCGAFwAcABBg==&rs=AOn4CLAcJk4oNG5EbClx9D47mZ8HR9GKWg,Dusra chedh kardunga| Angry Masterji  Part 4 | BB Ki Vines,"31,324,239",7 years ago
142,https://youtube.com/watch?v=3sO_4iselvQ,https://i.ytimg.com/vi/3sO_4iselvQ/hqdefault.jpg?sqp=-oaymwEcCNACELwBSFXyq4qpAw4IARUAAIhCGAFwAcABBg==&rs=AOn4CLBY0C9tW-R7xwHZFAgHkTLABqfUfg,BB Ki Vines- | Hypnotism |,"10,283,476",7 years ago
143,https://youtube.com/watch?v=FX3VHDQrvNw,https://i.ytimg.com/vi/FX3VHDQrvNw/hqdefault.jpg?sqp=-oaymwEcCNACELwBSFXyq4qpAw4IARUAAIhCGAFwAcABBg==&rs=AOn4CLAjOgXwp3TMNfFC3devLdPUKf4nbw,Comedy Hunt- #6 Tech Talk (iPhone6 vs. Nokia 3310),"9,016,414",7 years ago
144,https://youtube.com/watch?v=kPHBDx_p70o,https://i.ytimg.com/vi/kPHBDx_p70o/hqdefault.jpg?sqp=-oaymwEcCNACELwBSFXyq4qpAw4IARUAAIhCGAFwAcABBg==&rs=AOn4CLBXffIIfY0xksH5ma7ELibtnxO4dA,BB Ki Vines- | Second Childhood |,"11,388,229",7 years ago
145,https://youtube.com/watch?v=wGPm50F0qSc,https://i.ytimg.com/vi/wGPm50F0qSc/hqdefault.jpg?sqp=-oaymwEcCNACELwBSFXyq4qpAw4IARUAAIhCGAFwAcABBg==&rs=AOn4CLDVtTF7-2gYtY5mfPoXxASK323Mtw,Sabziwale ko koi kasme khilata hai? | Har Ghar Ki Story (Quickr) | BB Ki Vines,"9,896,289",7 years ago
146,https://youtube.com/watch?v=szLfoo62Gss,https://i.ytimg.com/vi/szLfoo62Gss/hqdefault.jpg?sqp=-oaymwEcCNACELwBSFXyq4qpAw4IARUAAIhCGAFwAcABBg==&rs=AOn4CLDNk_pVCxnl56hRxmfUg5Pmoa_bXw,BB Ki Vines- | Raaz Khul Gaya |,"22,985,277",7 years ago
147,https://youtube.com/watch?v=jBpTp1WXYD4,https://i.ytimg.com/vi/jBpTp1WXYD4/hqdefault.jpg?sqp=-oaymwEcCNACELwBSFXyq4qpAw4IARUAAIhCGAFwAcABBg==&rs=AOn4CLAcq5cITm4iRDwDjMMWrfS_V23HFg,BB Ki Vines- | Lottery Ticket |,"13,112,157",7 years ago
148,https://youtube.com/watch?v=IukQX56oBEs,https://i.ytimg.com/vi/IukQX56oBEs/hqdefault.jpg?sqp=-oaymwEcCNACELwBSFXyq4qpAw4IARUAAIhCGAFwAcABBg==&rs=AOn4CLAsdzZrK2SRs1fu5YBSdnhaZr7cTQ,Comedy Hunt- #4 Naya Naya Pyaar,"10,716,543",7 years ago
149,https://youtube.com/watch?v=UpBdCik5bEU,https://i.ytimg.com/vi/UpBdCik5bEU/hqdefault.jpg?sqp=-oaymwEcCNACELwBSFXyq4qpAw4IARUAAIhCGAFwAcABBg==&rs=AOn4CLAot9yIRzx3Ks-hsucspFrBv92Fcg,She is a SLUT ?,"7,958,225",7 years ago
150,https://youtube.com/watch?v=d9-XWHCUpzo,https://i.ytimg.com/vi/d9-XWHCUpzo/hqdefault.jpg?sqp=-oaymwEcCNACELwBSFXyq4qpAw4IARUAAIhCGAFwAcABBg==&rs=AOn4CLDVx2l6MVDrUd8bPrgemtw2EiOn_g,Comedy Hunt- #3 Frustrated Husband,"8,616,771",7 years ago
151,https://youtube.com/watch?v=R9C79cokwME,https://i.ytimg.com/vi/R9C79cokwME/hqdefault.jpg?sqp=-oaymwEcCNACELwBSFXyq4qpAw4IARUAAIhCGAFwAcABBg==&rs=AOn4CLChelaxR_QPm4b4KVtesUAXpMz3aQ,Comedy Hunt- #2 Krantiveer Spoof,"12,757,370",7 years ago
152,https://youtube.com/watch?v=IN5QHLOTrW8,https://i.ytimg.com/vi/IN5QHLOTrW8/hqdefault.jpg?sqp=-oaymwEcCNACELwBSFXyq4qpAw4IARUAAIhCGAFwAcABBg==&rs=AOn4CLA9GrNMhXi0OaTmGkHsIkV-eYaX0Q,Comedy Hunt- #1 Over-Excited News Reporter,"3,884,478",7 years ago
153,https://youtube.com/watch?v=ACmGNcKPhko,https://i.ytimg.com/vi/ACmGNcKPhko/hqdefault.jpg?sqp=-oaymwEcCNACELwBSFXyq4qpAw4IARUAAIhCGAFwAcABBg==&rs=AOn4CLDVmOZvpGZI_JWoPmNdU9K-LAocIQ,BB Ki Vines- | Independence Day Special |,"3,846,407",7 years ago
154,https://youtube.com/watch?v=vlh2p7sNQ5w,https://i.ytimg.com/vi/vlh2p7sNQ5w/hqdefault.jpg?sqp=-oaymwEcCNACELwBSFXyq4qpAw4IARUAAIhCGAFwAcABBg==&rs=AOn4CLD1xhVs7bvVHVyGz99pA64wXhXMDw,Comedy Hunt Unboxing - #Super40,"2,141,751",7 years ago
155,https://youtube.com/watch?v=_beJmXpQPlM,https://i.ytimg.com/vi/_beJmXpQPlM/hqdefault.jpg?sqp=-oaymwEcCNACELwBSFXyq4qpAw4IARUAAIhCGAFwAcABBg==&rs=AOn4CLDjVTX4KzM48ZGN_dzRFcqQXwBC8g,Comedy Hunt- Angry masterji Part 2,"2,658,825",7 years ago
156,https://youtube.com/watch?v=RJDJbdQHgHU,https://i.ytimg.com/vi/RJDJbdQHgHU/hqdefault.jpg?sqp=-oaymwEcCNACELwBSFXyq4qpAw4IARUAAIhCGAFwAcABBg==&rs=AOn4CLASFCpD0YeAl2Mhi86ycVYpmsYrAg,BB Ki Vines- | Pit gaye Pitaji |,"10,022,229",7 years ago
157,https://youtube.com/watch?v=9SbmAGOW_5Q,https://i.ytimg.com/vi/9SbmAGOW_5Q/hqdefault.jpg?sqp=-oaymwEcCNACELwBSFXyq4qpAw4IARUAAIhCGAFwAcABBg==&rs=AOn4CLA_qFsymKMETHiK20g5V91iYKW7Dg,BB Ki Vines- | Apple Juice |,"14,059,711",7 years ago
158,https://youtube.com/watch?v=ZPbtxyc-gko,https://i.ytimg.com/vi/ZPbtxyc-gko/hqdefault.jpg?sqp=-oaymwEcCNACELwBSFXyq4qpAw4IARUAAIhCGAFwAcABBg==&rs=AOn4CLCXDTKoWDxy8GCOzPGqyUu9fmDJjg,BB Ki Vines- | Shampoo |,"8,936,621",7 years ago
159,https://youtube.com/watch?v=dWy7TfwhyUU,https://i.ytimg.com/vi/dWy7TfwhyUU/hqdefault.jpg?sqp=-oaymwEcCNACELwBSFXyq4qpAw4IARUAAIhCGAFwAcABBg==&rs=AOn4CLBDeCT04l7H_AmpjfNgl-uzCViT0A,BB school chhod raha hai?! | Angry Masterji - Part 3 | BB Ki Vines,"19,645,758",7 years ago
160,https://youtube.com/watch?v=60Uzgs1ZxY0,https://i.ytimg.com/vi/60Uzgs1ZxY0/hqdefault.jpg?sqp=-oaymwEcCNACELwBSFXyq4qpAw4IARUAAIhCGAFwAcABBg==&rs=AOn4CLBek2XrOlZaMt3njWlruocYo2ISUw,BB Ki Vines- | New Folder |,"12,793,955",7 years ago
161,https://youtube.com/watch?v=4dJkMDX2LMk,https://i.ytimg.com/vi/4dJkMDX2LMk/hqdefault.jpg?sqp=-oaymwEcCNACELwBSFXyq4qpAw4IARUAAIhCGAFwAcABBg==&rs=AOn4CLAVgvONyvsUGfhfOmjaW65DY3aqbA,BB Ki Vines- | Love Letter |,"13,491,566",7 years ago
162,https://youtube.com/watch?v=pwVdOND5QxM,https://i.ytimg.com/vi/pwVdOND5QxM/hqdefault.jpg?sqp=-oaymwEcCNACELwBSFXyq4qpAw4IARUAAIhCGAFwAcABBg==&rs=AOn4CLASMMhPUo0fOCDcXni9NHH7ZaiTVg,Ziddi Murge ki Kahani | Angry Masterji Part 2 | BB Ki Vines,"19,293,597",7 years ago
163,https://youtube.com/watch?v=yVhPXsJ0Q0w,https://i.ytimg.com/vi/yVhPXsJ0Q0w/hqdefault.jpg?sqp=-oaymwEcCNACELwBSFXyq4qpAw4IARUAAIhCGAFwAcABBg==&rs=AOn4CLAvhxmezUlES2MRmokvZ-BEsImsIw,BB Ki Vines- | English ka keeda |,"16,357,090",7 years ago
164,https://youtube.com/watch?v=ZumYf33E_lY,https://i.ytimg.com/vi/ZumYf33E_lY/hqdefault.jpg?sqp=-oaymwEcCNACELwBSFXyq4qpAw4IARUAAIhCGAFwAcABBg==&rs=AOn4CLDtxeDol_JIjEL-xnEoA47Kyh7k6w,BB Ki Vines- | Doctor Sehgal- (Gupt Rog) |,"9,218,991",7 years ago
165,https://youtube.com/watch?v=ESsS1b7TEx8,https://i.ytimg.com/vi/ESsS1b7TEx8/hqdefault.jpg?sqp=-oaymwEcCNACELwBSFXyq4qpAw4IARUAAIhCGAFwAcABBg==&rs=AOn4CLClV-EA6HKDntV3nynOifPqQ_zv_Q,BB Ki Vines- | Wrong Number |,"11,743,246",7 years ago
166,https://youtube.com/watch?v=FuQOPQL7DnI,https://i.ytimg.com/vi/FuQOPQL7DnI/hqdefault.jpg?sqp=-oaymwEcCNACELwBSFXyq4qpAw4IARUAAIhCGAFwAcABBg==&rs=AOn4CLC6ylJIcN7-CWdOuu_m0vHtK11avQ,BB Ki Vines- | Aashiqui 3 |,"12,956,303",7 years ago
167,https://youtube.com/watch?v=8skubpQLrwo,https://i.ytimg.com/vi/8skubpQLrwo/hqdefault.jpg?sqp=-oaymwEcCNACELwBSFXyq4qpAw4IARUAAIhCGAFwAcABBg==&rs=AOn4CLDWSOxu6pc-ZNg_XfEOwb65IY6OFA,BB Ki Vines- | Such a Pussy |,"4,528,617",7 years ago
168,https://youtube.com/watch?v=lhSL8ienuW8,https://i.ytimg.com/vi/lhSL8ienuW8/hqdefault.jpg?sqp=-oaymwEcCNACELwBSFXyq4qpAw4IARUAAIhCGAFwAcABBg==&rs=AOn4CLDRps82OGewMr_akP4-y_6SnH4v2A,Comedy Hunt- I am feeling HORNY,"5,051,547",7 years ago
169,https://youtube.com/watch?v=-lXH1-FCcCY,https://i.ytimg.com/vi/-lXH1-FCcCY/hqdefault.jpg?sqp=-oaymwEcCNACELwBSFXyq4qpAw4IARUAAIhCGAFwAcABBg==&rs=AOn4CLBAWLvI0BUl-80eiVuqzb5ijfC0CQ,Bhuvan din bhar ghar par karta kya hai? | Angry Masterji | BB Ki Vines,"19,319,702",7 years ago
170,https://youtube.com/watch?v=yEp0JJyDG9o,https://i.ytimg.com/vi/yEp0JJyDG9o/hqdefault.jpg?sqp=-oaymwEcCNACELwBSFXyq4qpAw4IARUAAIhCGAFwAcABBg==&rs=AOn4CLAJLG0Qluud7hMoc4ApONk-5YDTVQ,Babloo Ji Raat ko Kahan The? | Hawas Ka Pujaari | BB Ki Vines,"16,125,743",7 years ago
171,https://youtube.com/watch?v=k-SFaA5WGnE,https://i.ytimg.com/vi/k-SFaA5WGnE/hqdefault.jpg?sqp=-oaymwEcCNACELwBSFXyq4qpAw4IARUAAIhCGAFwAcABBg==&rs=AOn4CLANWniH8dmoXE2-RRQhF4vmobkNUg,BB Ki Vines- | Media Nowadays |,"6,475,932",7 years ago
172,https://youtube.com/watch?v=FxzLge0E0yM,https://i.ytimg.com/vi/FxzLge0E0yM/hqdefault.jpg?sqp=-oaymwEcCNACELwBSFXyq4qpAw4IARUAAIhCGAFwAcABBg==&rs=AOn4CLBjrGKtPBFY846zhHXzfrrarZ-IZw,Shirt se Beer ki Badbu | Pineapple Juice | BB Ki Vines,"11,790,728",7 years ago
173,https://youtube.com/watch?v=Vof5t92yx8I,https://i.ytimg.com/vi/Vof5t92yx8I/hqdefault.jpg?sqp=-oaymwEcCNACELwBSFXyq4qpAw4IARUAAIhCGAFwAcABBg==&rs=AOn4CLD27H5C-W1BSSsZK6aVRJ6L9GbuYQ,Saral bhasha main bolo! | Comedy Hunt - Doctor Sehgal | BB Ki Vines,"8,788,815",7 years ago
174,https://youtube.com/watch?v=SXuxB-i5Wrc,https://i.ytimg.com/vi/SXuxB-i5Wrc/hqdefault.jpg?sqp=-oaymwEcCNACELwBSFXyq4qpAw4IARUAAIhCGAFwAcABBg==&rs=AOn4CLDF1yJiFJN5zFn_XjZftDv1Fhe93A,BB Ki Vines- | Paarak Chalo |,"13,364,556",7 years ago
175,https://youtube.com/watch?v=UVhk4pAT3ic,https://i.ytimg.com/vi/UVhk4pAT3ic/hqdefault.jpg?sqp=-oaymwEcCNACELwBSFXyq4qpAw4IARUAAIhCGAFwAcABBg==&rs=AOn4CLDAUnSDThxXuJkaoIeMSpZNtGYhow,BB Ki Vines- | Dost Dost naa raha |,"8,275,934",7 years ago
176,https://youtube.com/watch?v=i-MkGblvbdQ,https://i.ytimg.com/vi/i-MkGblvbdQ/hqdefault.jpg?sqp=-oaymwEcCNACELwBSFXyq4qpAw4IARUAAIhCGAFwAcABBg==&rs=AOn4CLA2NZpsU6LX6Jlm8TfD1OKbtywIdw,BB Ki Vines- | Kanjoos dost |,"8,702,143",7 years ago
177,https://youtube.com/watch?v=z_n-8lzuh1A,https://i.ytimg.com/vi/z_n-8lzuh1A/hqdefault.jpg?sqp=-oaymwEcCNACELwBSFXyq4qpAw4IARUAAIhCGAFwAcABBg==&rs=AOn4CLDEGS7cMyqPUqNVn4iVHC5MvpjeNQ,Kisme Hai Itni Himmat? | Fights (Then & Now) | BB Ki Vines,"9,781,486",7 years ago
178,https://youtube.com/watch?v=vrjlZhYVf30,https://i.ytimg.com/vi/vrjlZhYVf30/hqdefault.jpg?sqp=-oaymwEcCNACELwBSFXyq4qpAw4IARUAAIhCGAFwAcABBg==&rs=AOn4CLBbIbKijv1T2f7u9nYln0FIEhg9og,BB Ki Vines- | Cheesy Relationships |,"5,152,936",7 years ago
179,https://youtube.com/watch?v=viCH81Q_i6A,https://i.ytimg.com/vi/viCH81Q_i6A/hqdefault.jpg?sqp=-oaymwEcCNACELwBSFXyq4qpAw4IARUAAIhCGAFwAcABBg==&rs=AOn4CLC2cXLQJ08u_9buk4ZJSnME3feW1w,BB Ki Vines- | Taking Permission From Parents |,"6,068,715",7 years ago
180,https://youtube.com/watch?v=ydSWOCDxnKM,https://i.ytimg.com/vi/ydSWOCDxnKM/hqdefault.jpg?sqp=-oaymwEcCNACELwBSFXyq4qpAw4IARUAAIhCGAFwAcABBg==&rs=AOn4CLDpnoXxmE7RuLyR7KDR4GWyq6TIXg,Raaste Mei Hu! | Jhoota Dost Late Lateef | BB Ki Vines,"4,803,822",7 years ago
181,https://youtube.com/watch?v=R0F3YgtpuUM,https://i.ytimg.com/vi/R0F3YgtpuUM/hqdefault.jpg?sqp=-oaymwEcCNACELwBSFXyq4qpAw4IARUAAIhCGAFwAcABBg==&rs=AOn4CLDeiUhMthGS0GBMMDjr6AbZEPeIkw,BB Ki Vines- | Abusing in front of parents |,"6,526,227",7 years ago
182,https://youtube.com/watch?v=szAK0m20fVw,https://i.ytimg.com/vi/szAK0m20fVw/hqdefault.jpg?sqp=-oaymwEcCNACELwBSFXyq4qpAw4IARUAAIhCGAFwAcABBg==&rs=AOn4CLCpf18poMYbD1ksZEJALkVQ3NzKPQ,Kutiya Khafa Saand Bewafa | Gaur Se Dekhiye | BB Ki Vines,"6,502,201",7 years ago
183,https://youtube.com/watch?v=i-Kr0aZBJC8,https://i.ytimg.com/vi/i-Kr0aZBJC8/hqdefault.jpg?sqp=-oaymwEcCNACELwBSFXyq4qpAw4IARUAAIhCGAFwAcABBg==&rs=AOn4CLCi_HSZ8llI-knOBjlfyAJ0wGLYhA,Bittu Ki Lottery Lagi Hai | Chori Mein Twist | BB Ki Vines,"9,083,239",7 years ago
184,https://youtube.com/watch?v=Ofyvd03j6xI,https://i.ytimg.com/vi/Ofyvd03j6xI/hqdefault.jpg?sqp=-oaymwEcCNACELwBSFXyq4qpAw4IARUAAIhCGAFwAcABBg==&rs=AOn4CLA4_mMR5-YuT6HIETRrViduxTNGug,BB Ki Vines- | Bhai-Zoned..Attyachaar |,"9,620,345",7 years ago
